t,echo_plus,echo_minus,echo_thermal
0.000000000000000000e+00,9.999999999999846789e-01,1.000000000000001776e+00,1.000000000000002665e+00
9.045226130653266639e-02,9.983494702104775964e-01,9.983481882042044564e-01,8.988432921401873221e-01
1.809045226130653328e-01,9.934111449664875249e-01,9.934060645572773129e-01,6.500746936125667563e-01
2.713567839195979992e-01,9.852244092329621727e-01,9.852131542529221075e-01,3.735900000354596684e-01
3.618090452261306655e-01,9.738536183683633718e-01,9.738340378721144219e-01,1.670459264996387860e-01
4.522613065326633319e-01,9.593863996586068366e-01,9.593566409518802240e-01,5.672132661185469438e-02
5.427135678391959983e-01,9.419316696896820051e-01,9.418902359665171087e-01,1.477969029165823733e-02
6.331658291457287202e-01,9.216176291971992507e-01,9.215634193533417395e-01,3.725067164643524383e-03
7.236180904522613311e-01,8.985899293673603738e-01,8.985222584759110509e-01,1.993037213712543776e-03
8.140703517587939420e-01,8.730100956949358171e-01,8.729286954473779447e-01,3.009786837071097738e-03
9.045226130653266639e-01,8.450541832910608564e-01,8.449591825622976282e-01,5.802323287480863623e-03
9.949748743718593857e-01,8.149115554143778750e-01,8.148034422850799485e-01,1.002009545221876907e-02
1.085427135678391997e+00,7.827836470959763648e-01,7.826632154427614063e-01,1.516685321899087155e-02
1.175879396984924607e+00,7.488826016513761008e-01,7.487508878679167701e-01,2.045686625360093602e-02
1.266331658291457440e+00,7.134297349602324312e-01,7.132879531462172906e-01,2.443194388727567071e-02
1.356783919597990051e+00,6.766538638701352637e-01,6.765033500502249941e-01,2.517454352714543209e-02
1.447236180904522662e+00,6.387896016535121735e-01,6.386317780331461913e-01,2.156120271957010989e-02
1.537688442211055273e+00,6.000757529620512898e-01,5.999121207123594424e-01,1.463559066704709505e-02
1.628140703517587884e+00,5.607539247096747781e-01,5.605860877491212202e-01,7.358867848003551766e-03
1.718592964824120717e+00,5.210674145780477273e-01,5.208971278849728881e-01,2.441653962564867449e-03
1.809045226130653328e+00,4.812603640446853626e-01,4.810895901590200308e-01,4.426110420769488940e-04
1.899497487437185939e+00,4.415770916561262416e-01,4.414080412571590450e-01,1.600286523560980349e-04
1.989949748743718771e+00,4.022614756234108024e-01,4.020966057005026517e-01,3.846277106675475036e-04
2.080402010050251160e+00,3.635562447248522067e-01,3.633981932342867371e-01,6.707581038870036316e-04
2.170854271356783993e+00,3.257020633021937006e-01,3.255535125386064266e-01,8.270628854696460011e-04
2.261306532663316826e+00,2.889363495498747381e-01,2.887998291793156813e-01,6.617717760817316656e-04
2.351758793969849215e+00,2.534918295581022885e-01,2.533694893026420258e-01,3.401088056739526191e-04
2.442211055276382048e+00,2.195948850447602685e-01,2.194882802095425023e-01,2.511811682413929371e-04
2.532663316582914881e+00,1.874637871309624837e-01,1.873737223595673962e-01,3.638218729592241794e-04
2.623115577889447270e+00,1.573069162970842372e-01,1.572333820668988802e-01,3.028599150636449152e-04
2.713567839195980103e+00,1.293210525202689587e-01,1.292632672060806120e-01,8.964886921377541193e-05
2.804020100502512491e+00,1.036897886109847677e-01,1.036463327594358275e-01,1.283650029171123203e-04
2.894472361809045324e+00,8.058208574463074370e-02,8.055109301576834913e-02,4.080385975680370981e-04
2.984924623115578157e+00,6.015096373763775123e-02,6.013032258663637830e-02,4.456608088929666723e-04
3.075376884422110546e+00,4.253230618143799546e-02,4.251983193542548806e-02,1.456165253447172687e-04
3.165829145728643379e+00,2.784376314907181446e-02,2.783732029388368695e-02,2.440614210181660766e-05
3.256281407035175768e+00,1.618374808097593903e-02,1.618133031605467967e-02,4.200648760285980734e-04
3.346733668341708601e+00,7.630544095337490028e-03,7.630344445945200747e-03,1.097218189029691053e-03
3.437185929648241434e+00,2.241551465644816155e-03,2.242065823923061838e-03,1.770795496846404651e-03
3.527638190954773822e+00,5.271718328670860871e-05,5.291539360724878811e-05,2.404202262586706100e-03
3.618090452261306655e+00,1.078186996770605149e-03,1.077756267524585193e-03,2.812466991034249901e-03
3.708542713567839488e+00,5.310210526431885167e-03,5.309834576361598460e-03,2.574952279441140076e-03
3.798994974874371877e+00,1.271931346359751226e-02,1.272091131597409726e-02,1.659563844993045987e-03
3.889447236180904710e+00,2.325473090628937117e-02,2.326155720058425622e-02,6.991433646722572870e-04
3.979899497487437543e+00,3.684507605463263613e-02,3.686159203152119396e-02,2.942784325061115224e-04
4.070351758793970376e+00,5.339920186517836675e-02,5.343066624910217804e-02,3.178055799496182199e-04
4.160804020100502321e+00,7.280720236943434565e-02,7.285899682646392039e-02,2.559860227659381537e-04
4.251256281407035154e+00,9.494149711286491156e-02,9.501827456024354579e-02,4.731485581491198762e-05
4.341708542713567986e+00,1.196579476169990497e-01,1.197627508679154629e-01,1.425315495468144618e-04
4.432160804020100819e+00,1.467969685844797700e-01,1.469304908026983214e-01,7.160539157924157745e-04
4.522613065326633652e+00,1.761846165223551475e-01,1.763447520054131634e-01,1.261396216883242834e-03
4.613065326633165597e+00,2.076336602869333914e-01,2.078154267720313253e-01,1.213396036347887856e-03
4.703517587939698430e+00,2.409446561139705900e-01,2.411404758941657067e-01,6.709839002080580494e-04
4.793969849246231263e+00,2.759070584820817462e-01,2.761072938002754329e-01,2.040239411510840221e-04
4.884422110552764096e+00,3.123003942621517814e-01,3.124939735664439833e-01,1.920616916378965755e-04
4.974874371859296929e+00,3.498955114479853634e-01,3.500704796434558341e-01,7.125044829869678917e-04
5.065326633165829762e+00,3.884558902279524051e-01,3.885997733488869010e-01,1.849517708615504774e-03
5.155778894472361706e+00,4.277389816581972926e-01,4.278389586861108818e-01,3.579297520175386219e-03
5.246231155778894539e+00,4.674975271831844914e-01,4.675405154308817646e-01,5.334496934362443522e-03
5.336683417085427372e+00,5.074808178295572292e-01,5.074536616830749303e-01,6.158077291032498964e-03
5.427135678391960205e+00,5.474358767415350435e-01,5.473258465653985105e-01,5.527435273479788976e-03
5.517587939698493038e+00,5.871085874704030649e-01,5.869043291452926692e-01,3.855026885264399225e-03
5.608040201005024983e+00,6.262448314802715466e-01,6.259377676153240477e-01,2.071219483176533083e-03
5.698492462311557816e+00,6.645917270981682723e-01,6.641777355865190469e-01,8.467078179230253529e-04
5.788944723618090649e+00,7.018990658590640308e-01,7.013801044868855916e-01,2.680335949195380985e-04
5.879396984924623482e+00,7.379210147714997392e-01,7.373062771350686884e-01,7.747281428339341874e-05
5.969849246231156314e+00,7.724180980383251738e-01,7.717243136361178202e-01,2.898280403293032758e-05
6.060301507537688259e+00,8.051594024295992691e-01,8.044100385601821168e-01,1.781530314557609697e-05
6.150753768844221092e+00,8.359248862445954886e-01,8.351482411705071218e-01,2.922894263232986371e-05
6.241206030150753925e+00,8.645076323350072700e-01,8.637340685595183976e-01,9.997326171978398763e-05
6.331658291457286758e+00,8.907158844792606445e-01,8.899746656391892552e-01,3.120350252543138887e-04
6.422110552763819591e+00,9.143747458207661660e-01,9.136910472451237331e-01,7.016414190916017268e-04
6.512562814070351536e+00,9.353274877378862096e-01,9.347201146835188990e-01,1.128703319424066839e-03
6.603015075376884369e+00,9.534364969658378763e-01,9.529166721746611390e-01,1.323069135996535715e-03
6.693467336683417201e+00,9.685839537213208894e-01,9.681552737975666068e-01,1.133929196261248672e-03
6.783919597989950034e+00,9.806723636181584602e-01,9.803317456269701191e-01,7.066523135935100968e-04
6.874371859296482867e+00,9.896250518160356613e-01,9.893642766949320988e-01,3.801345761677641234e-04
6.964824120603015700e+00,9.953866740810132230e-01,9.951940425314594885e-01,4.307250760417075650e-04
7.055276381909547645e+00,9.979237245420016222e-01,9.977853972547970907e-01,9.142094218290388501e-04
7.145728643216080478e+00,9.972249497816786379e-01,9.971257255897558736e-01,1.692456455548594025e-03
7.236180904522613311e+00,9.933015384944567927e-01,9.932250713806834996e-01,2.545828739980236354e-03
7.326633165829146144e+00,9.861869609169882089e-01,9.861156497584222524e-01,3.234597619151911678e-03
7.417085427135678977e+00,9.759363833530377841e-01,9.758513116400213683e-01,3.497418159973582092e-03
7.507537688442210921e+00,9.626256656369788223e-01,9.625069751999189016e-01,3.132779612672463576e-03
7.597989949748743754e+00,9.463500376315222562e-01,9.461779867868012062e-01,2.215132378001218299e-03
7.688442211055276587e+00,9.272226165615641280e-01,9.269793397770255128e-01,1.180866926864559529e-03
7.778894472361809420e+00,9.053729486035735352e-01,9.050446746098895767e-01,5.334969834898348759e-04
7.869346733668342253e+00,8.809457280905654830e-01,8.805250086302660595e-01,4.285061269259153008e-04
7.959798994974875086e+00,8.540997749391252558e-01,8.535871931819091207e-01,6.464858334047674264e-04
8.050251256281407919e+00,8.250072581116965065e-01,8.244121535387511912e-01,9.591779883168056412e-04
8.140703517587940752e+00,7.938530689265897999e-01,7.931930178038451018e-01,1.373537373094856203e-03
8.231155778894471808e+00,7.608341983020980859e-01,7.601332689345282612e-01,1.981456144457792879e-03
8.321608040201004641e+00,7.261589704003220680e-01,7.254450509008698589e-01,2.696726961488457412e-03
8.412060301507537474e+00,6.900460295771995156e-01,6.893477256462133829e-01,3.217689978669256885e-03
8.502512562814070307e+00,6.527230513474516771e-01,6.520667205882536566e-01,3.218880043071936994e-03
8.592964824120603140e+00,6.144252260026016321e-01,6.138326415568290395e-01,2.605306086934469547e-03
8.683417085427135973e+00,5.753936205290015593e-01,5.748805698401139308e-01,1.699579305289087520e-03
8.773869346733668806e+00,5.358735439363434550e-01,5.354494280858252964e-01,1.199432473332868185e-03
8.864321608040201639e+00,4.961130197535513209e-01,4.957812952540370799e-01,1.715226434293320957e-03
8.954773869346734472e+00,4.563614174961487246e-01,4.561205744069516399e-01,3.041323108838723047e-03
9.045226130653267305e+00,4.168682316670920263e-01,4.167129600878948792e-01,3.948196903030148225e-03
9.135678391959800138e+00,3.778819436190324899e-01,3.778042010513992244e-01,3.223124974581163121e-03
9.226130653266331194e+00,3.396488744887818934e-01,3.396386953742484005e-01,1.246012168242353977e-03
9.316582914572864027e+00,3.024119425453043464e-01,3.024579782999676780e-01,9.014329588059051665e-05
9.407035175879396860e+00,2.664092708404527943e-01,2.664991646647602019e-01,1.463265250896127060e-03
9.497487437185929693e+00,2.318726380151722444e-01,2.319933905769972493e-01,4.782931249507187295e-03
9.587939698492462526e+00,1.990258105225641005e-01,1.991642719109329163e-01,7.895720833018499835e-03
9.678391959798995359e+00,1.680828250084216158e-01,1.682263713455160459e-01,9.398966812918055705e-03
9.768844221105528192e+00,1.392462983342198923e-01,1.393836510761591596e-01,9.407719429913814768e-03
9.859296482412061025e+00,1.127058307494211431e-01,1.128278904324225146e-01,8.337579076003178921e-03
9.949748743718593857e+00,8.863654234474765969e-02,8.873706583405842341e-02,6.316691032807641298e-03
1.004020100502512669e+01,6.719775445707835970e-02,6.727371853976449323e-02,4.127081340692858799e-03
1.013065326633165952e+01,4.853180570278520234e-02,4.858336386397824752e-02,3.355332557523479139e-03
1.022110552763819058e+01,3.276298271438460308e-02,3.279301435080250043e-02,4.628117332627455262e-03
1.031155778894472341e+01,1.999654951185694807e-02,2.000989248274001944e-02,6.457881816925259595e-03
1.040201005025125625e+01,1.031787344956565204e-02,1.032039489267574592e-02,6.820268328423741318e-03
1.049246231155778908e+01,3.791663879460788287e-03,3.789344258921506677e-03,5.469707327126799475e-03
1.058291457286432191e+01,4.613556099678237988e-04,4.595353028770969486e-04,3.839890956655626561e-03
1.067336683417085474e+01,3.486778567836584341e-04,3.515563903476042222e-04,2.963432776616759402e-03
1.076381909547738758e+01,3.453448114745916783e-03,3.463854360750397588e-03,2.463590672570069393e-03
1.085427135678392041e+01,9.753619381843603442e-03,9.773008827402738033e-03,1.635607155283878714e-03
1.094472361809045324e+01,1.920559081482142716e-02,1.923418978908756141e-02,6.125265819064462701e-04
1.103517587939698608e+01,3.174476993879925268e-02,3.178178223836863187e-02,3.833637549233078487e-05
1.112562814070351713e+01,4.728635319653765046e-02,4.733016663457436518e-02,1.363962537395309327e-04
1.121608040201004997e+01,6.572627486711238309e-02,6.577464060611135088e-02,5.869063476478136344e-04
1.130653266331658280e+01,8.694226534621768421e-02,8.699245577229912374e-02,1.044717909937642290e-03
1.139698492462311563e+01,1.107949603440680081e-01,1.108439294270161524e-01,1.358375345616664401e-03
1.148743718592964846e+01,1.371290129997946583e-01,1.371735817354898801e-01,1.428024800313637587e-03
1.157788944723618130e+01,1.657741796668516787e-01,1.658112518855634210e-01,1.230414711925916426e-03
1.166834170854271413e+01,1.965463737719863047e-01,1.965731640119957602e-01,9.786155454772414546e-04
1.175879396984924696e+01,2.292487057830668584e-01,2.292629425136899490e-01,9.987330432824380929e-04
1.184924623115577980e+01,2.636725453802788999e-01,2.636726081104521779e-01,1.392645459485044278e-03
1.193969849246231263e+01,2.995986494654397925e-01,2.995836095886617034e-01,1.914753729731357530e-03
1.203015075376884546e+01,3.367983937979953657e-01,3.367679521670002285e-01,2.165273352239299037e-03
1.212060301507537652e+01,3.750351272844734130e-01,3.749894677325821823e-01,1.894431729020546644e-03
1.221105527638190935e+01,4.140656406382500210e-01,4.140052384309287348e-01,1.252255721281457382e-03
1.230150753768844218e+01,4.536417129586114982e-01,4.535671438871317629e-01,7.860074194046523088e-04
1.239195979899497502e+01,4.935116799266560106e-01,4.934234681346125750e-01,1.004093638945088851e-03
1.248241206030150785e+01,5.334219636475411308e-01,5.333204883800095608e-01,1.822944205924495725e-03
1.257286432160804068e+01,5.731185203017036267e-01,5.730039810667855171e-01,2.588271870211280266e-03
1.266331658291457352e+01,6.123481950345726066e-01,6.122206189226540030e-01,2.749255858779936414e-03
1.275376884422110635e+01,6.508600147978632622e-01,6.507192839139818163e-01,2.361998246823920379e-03
1.284422110552763918e+01,6.884064857184546415e-01,6.882523673427546340e-01,1.828648270302306571e-03
1.293467336683417201e+01,7.247449783100534670e-01,7.245771516507134580e-01,1.361020066572816165e-03
1.302512562814070307e+01,7.596392722952006737e-01,7.594573572244731618e-01,9.261527523826402044e-04
1.311557788944723590e+01,7.928612922563924581e-01,7.926648912746561138e-01,5.519009878872458818e-04
1.320603015075376874e+01,8.241930049836579952e-01,8.239817667989499661e-01,3.559812241788318080e-04
1.329648241206030157e+01,8.534283864743016368e-01,8.532020891339175961e-01,2.952878376236939099e-04
1.338693467336683440e+01,8.803753214037809416e-01,8.801339596226572803e-01,1.921819819267496900e-04
1.347738693467336724e+01,9.048572873027227459e-01,9.046011388621120197e-01,5.639428557943151085e-05
1.356783919597990007e+01,9.267147067154818396e-01,9.264443518368692398e-01,9.838952473338221630e-05
1.365829145728643290e+01,9.458059172323025621e-01,9.455221945944896067e-01,3.437510834446078816e-04
1.374874371859296573e+01,9.620077931290845763e-01,9.617116942872785401e-01,5.301396109860050630e-04
1.383919597989949857e+01,9.752161278914218689e-01,9.749086522456374970e-01,5.242637532400600247e-04
1.392964824120603140e+01,9.853459294387971745e-01,9.850279370920697053e-01,5.390824807520276781e-04
1.402010050251256246e+01,9.923317738065615679e-01,9.920038775354728111e-01,7.193807160262006119e-04
1.411055276381909529e+01,9.961283076487138510e-01,9.957908354988141975e-01,7.950058089718966279e-04
1.420100502512562812e+01,9.967109004134155903e-01,9.963639397854342494e-01,4.839037201370180430e-04
1.429145728643216096e+01,9.940763504624271496e-01,9.937198597984054915e-01,8.267515936803294789e-05
1.438190954773869379e+01,9.882434764043512843e-01,9.878774303027475501e-01,2.556722819664082038e-04
1.447236180904522662e+01,9.792534000023948026e-01,9.788779249451258213e-01,1.172433220726436763e-03
1.456281407035175945e+01,9.671693604711026904e-01,9.667848243363790228e-01,2.139610827326851247e-03
1.465326633165829229e+01,9.520759840756222170e-01,9.516830208923626744e-01,2.290357354915210312e-03
1.474371859296482512e+01,9.340780439498069798e-01,9.336775190665831392e-01,1.544408806151524160e-03
1.483417085427135795e+01,9.132988503833570082e-01,9.128917915679939377e-01,6.755453453144876679e-04
1.492462311557789079e+01,8.898784802616354073e-01,8.894660097644396801e-01,3.927777782982833760e-04
1.501507537688442184e+01,8.639720658512803908e-01,8.635553638641014773e-01,5.754594606129572344e-04
1.510552763819095468e+01,8.357483152160757323e-01,8.353286285425360891e-01,6.101074267961731964e-04
1.519597989949748751e+01,8.053883449354958257e-01,8.049670327384507162e-01,3.040817866863945122e-04
1.528643216080402034e+01,7.730847992168714544e-01,7.726633891547688426e-01,9.560017198937398862e-05
1.537688442211055317e+01,7.390411403938960122e-01,7.386213607443625762e-01,3.572569428771943671e-04
1.546733668341708601e+01,7.034709499929682197e-01,7.030547098301044295e-01,8.823169234781199971e-04
1.555778894472361884e+01,6.665970881979583762e-01,6.661863962864175148e-01,1.221119113851611626e-03
1.564824120603015167e+01,6.286506161149433280e-01,6.282474531967213727e-01,1.231349751013008798e-03
1.573869346733668451e+01,5.898694682358361918e-01,5.894756478908298458e-01,1.088766014981291290e-03
1.582914572864321734e+01,5.504969430021675603e-01,5.501140053675394048e-01,9.590673471334038068e-04
1.591959798994975017e+01,5.107801307469953533e-01,5.104093070784074815e-01,8.718299313490342076e-04
1.601005025125628123e+01,4.709684048340384566e-01,4.706106705404169976e-01,8.176904407336343071e-04
1.610050251256281584e+01,4.313120634412889731e-01,4.309682691400509302e-01,8.092136031947273810e-04
1.619095477386934689e+01,3.920611410538494268e-01,3.917321845464845076e-01,8.497508056375302401e-04
1.628140703517588150e+01,3.534643346097081640e-01,3.531513204206464529e-01,8.837030201275151119e-04
1.637185929648241256e+01,3.157679345480383648e-01,3.154722675417352407e-01,8.002740875262634879e-04
1.646231155778894362e+01,2.792146334433469046e-01,2.789380096293720968e-01,5.536436773916991955e-04
1.655276381909547823e+01,2.440421092921739865e-01,2.437863954538241895e-01,2.707197579007900273e-04
1.664321608040200928e+01,2.104813379880033364e-01,2.102483635466712852e-01,1.158766946830676889e-04
1.673366834170854389e+01,1.787546613170370724e-01,1.785459710475336415e-01,7.696930584221957968e-05
1.682412060301507495e+01,1.490737010657832429e-01,1.488903280528713624e-01,6.335655284669199062e-05
1.691457286432160956e+01,1.216372488479073588e-01,1.214795600528297548e-01,1.318654505551966388e-04
1.700502512562814061e+01,9.662926674371861979e-02,9.649691098727206096e-02,3.465164185013497864e-04
1.709547738693467522e+01,7.421710856381136256e-02,7.410906589827837010e-02,5.563559412632734010e-04
1.718592964824120628e+01,5.455002712281058902e-02,5.446472952376803928e-02,7.047466996038078465e-04
1.727638190954774089e+01,3.775798494625024621e-02,3.769346068403436889e-02,1.155161704233313193e-03
1.736683417085427195e+01,2.395074833537514172e-02,2.390474238160633647e-02,2.111057543510104061e-03
1.745728643216080300e+01,1.321722579389057219e-02,1.318726651134208630e-02,2.887865869327138364e-03
1.754773869346733761e+01,5.625012043882222056e-03,5.608424330647849253e-03,2.609142692853608746e-03
1.763819095477386867e+01,1.220112414965543240e-03,1.214008927426435923e-03,1.662214278187896946e-03
1.772864321608040328e+01,2.684024622023933388e-05,2.814337656929800292e-05,1.496440058315288719e-03
1.781909547738693433e+01,2.047893521748039587e-03,2.053442023699140681e-03,2.642111633276425162e-03
1.790954773869346894e+01,7.264620980622458514e-03,7.271393079378035522e-03,3.816190032476191128e-03
1.800000000000000000e+01,1.563748152841788752e-02,1.564292544147844952e-02,3.557324161825122909e-03
